﻿Update Date,File,Location,Field Updated,Old,New,Comments
4/7/2020,time_series_covid19_confirmed_US.csv,Viginia Island,3/29/2020,0,23,New York Times
4/7/2020,time_series_covid19_confirmed_US.csv,Viginia Island,3/30/2020,0,30,New York Times
4/7/2020,time_series_covid19_confirmed_US.csv,"DC, US",3/21/2020,0,98,New York Times
4/7/2020,time_series_covid19_confirmed_US.csv,"Miami-Dade, FL",3/19/2020,0,101,New York Times
4/7/2020,time_series_covid19_confirmed_US.csv,"Miami-Dade, FL",3/20/2020,0,124,New York Times
4/7/2020,time_series_covid19_confirmed_US.csv,"Hillsborough, NH",4/2/2020,0,163,New York Times
4/7/2020,time_series_covid19_confirmed_US.csv,"Harris, TX",3/20/2020,0,55,New York Times
4/7/2020,time_series_covid19_confirmed_US.csv,Kansas City,3/21/2020,0,13,New York Times
4/9/2020,time_series_covid19_confirmed_US.csv,"Box Elder, UT",3/20/2020,13,7,New York Times
4/9/2020,time_series_covid19_confirmed_US.csv,"Union, FL",4/4/2020,10,2,New York Times
4/9/2020,time_series_covid19_confirmed_US.csv,"Daviess, KY",3/28/2020,33,20,New York Times
4/9/2020,time_series_covid19_confirmed_US.csv,"Washington, RI",4/2/2020,46,34,New York Times
4/9/2020,time_series_covid19_confirmed_US.csv,"West Feliciana, LA",4/2/2020,20,10,New York Times
4/9/2020,time_series_covid19_confirmed_US.csv,"Davidson, TN",4/2/2020,617,785,New York Times
4/13/2020,time_series_covid19_confirmed_global.csv,Florida,4/13/2020,682619,580619,data source error
4/13/2020,time_series_covid19_confirmed_US.csv,"Okaloosa, Florida",4/13/2020,102103,103,data source error
4/14/2020,time_series_covid19_deaths_US.csv,"Unassigned, NY",4/3/2020,955,623,
4/14/2020,time_series_covid19_deaths_US.csv,"Unassigned, NY",4/4/2020,1173,427,
4/14/2020,time_series_covid19_deaths_US.csv,"Unassigned, NY",4/5/2020,1260,338,
4/16/2020,time_series_covid19_deaths_global.csv,France,4/1/2020,4032,4403,add 371 decesEhpad
4/16/2020,time_series_covid19_confirmed_global.csv,France,4/4/2020,89953,68605,only report casConfirmes
4/16/2020,time_series_covid19_confirmed_global.csv,France,4/5/2020,92839,70478,
4/16/2020,time_series_covid19_confirmed_global.csv,France,4/6/2020,98010,74390,
4/16/2020,time_series_covid19_confirmed_global.csv,France,4/7/2020,109069,78167,
4/16/2020,time_series_covid19_confirmed_global.csv,France,4/8/2020,112950,82048,
4/16/2020,time_series_covid19_confirmed_global.csv,France,4/9/2020,117749,86334,
4/16/2020,time_series_covid19_confirmed_global.csv,France,4/10/2020,124869,90676,
4/16/2020,time_series_covid19_confirmed_global.csv,France,4/11/2020,129654,93790,
4/16/2020,time_series_covid19_confirmed_global.csv,France,4/12/2020,132591,120633,casPossiblesEhpad added
4/16/2020,time_series_covid19_confirmed_global.csv,France,4/13/2020,136779,124298,
4/16/2020,time_series_covid19_confirmed_US.csv,"Sutter, California",4/11/2020,3,2,
4/16/2020,time_series_covid19_confirmed_US.csv,"Sutter, California",4/12/2020,3,2,
4/16/2020,time_series_covid19_confirmed_US.csv,"Sutter, California",4/13/2020,3,2,
4/16/2020,time_series_covid19_confirmed_US.csv,"Sutter, California",4/14/2020,3,2,
4/16/2020,time_series_covid19_confirmed_US.csv,"Sutter, California",4/15/2020,3,2,
4/16/2020,time_series_covid19_confirmed_US.csv,"Sutter, California",4/16/2020,3,2,
4/16/2020,time_series_covid19_confirmed_global.csv,US,4/11/2020,20463,20462,
4/16/2020,time_series_covid19_confirmed_global.csv,US,4/12/2020,22020,22019,
4/16/2020,time_series_covid19_confirmed_global.csv,US,4/13/2020,23529,23528,
4/16/2020,time_series_covid19_confirmed_global.csv,US,4/14/2020,25832,25831,
4/16/2020,time_series_covid19_confirmed_global.csv,US,4/15/2020,28326,28325,
4/16/2020,time_series_covid19_confirmed_global.csv,US,4/16/2020,32917,32916,
4/18/2020,time_series_covid19_confirmed_US.csv,all Illinois counties,4/7/2020,12271,13553,"changed at county level,"
4/18/2020,time_series_covid19_deaths_US.csv,all Illinois counties,4/7/2020,308,380,aggregated state value
4/18/2020,time_series_covid19_confirmed_global.csv,US,4/7/2020,396223,397505,
4/18/2020,time_series_covid19_deaths_global.csv,US,4/7/2020,12722,12794,
4/18/2020,time_series_covid19_confirmed_US.csv,all Illinois counties,4/9/2020,15079,16422,"changed at county level,"
4/18/2020,time_series_covid19_deaths_US.csv,all Illinois counties,4/9/2020,462,528,aggregated state value
4/18/2020,time_series_covid19_confirmed_global.csv,US,4/9/2020,461437,462780,
4/18/2020,time_series_covid19_deaths_global.csv,US,4/9/2020,16478,16544,
4/19/2020,time_series_covid19_confirmed_US.csv,"Davidson, Tennessee",4/16/2020,1492,1283,
4/19/2020,time_series_covid19_confirmed_global.csv,US,4/16/2020,667801,667592,
4/22/2020,time_series_covid19_confirmed_global.csv,US,4/1/2020,213372,213242,Navajo Nation correction
4/22/2020,time_series_covid19_confirmed_global.csv,US,4/2/2020,243762,243622,Navajo Nation correction
4/22/2020,time_series_covid19_confirmed_global.csv,US,4/3/2020,275586,275367,Navajo Nation correction
4/22/2020,time_series_covid19_confirmed_global.csv,US,4/4/2020,308853,308650,Navajo Nation correction
4/22/2020,time_series_covid19_confirmed_global.csv,US,4/5/2020,337072,336802,Navajo Nation correction
4/22/2020,time_series_covid19_confirmed_global.csv,US,4/6/2020,366667,366317,Navajo Nation correction
4/22/2020,time_series_covid19_confirmed_global.csv,US,4/7/2020,397505,397121,Navajo Nation correction
4/22/2020,time_series_covid19_confirmed_global.csv,US,4/8/2020,429052,428654,Navajo Nation correction
4/22/2020,time_series_covid19_deaths_global.csv,US,3/31/2020,3873,3874,Navajo Nation correction
4/22/2020,time_series_covid19_deaths_global.csv,US,4/1/2020,4757,4760,Navajo Nation correction
4/22/2020,time_series_covid19_deaths_global.csv,US,4/2/2020,5926,5929,Navajo Nation correction
4/22/2020,time_series_covid19_deaths_global.csv,US,4/3/2020,7087,7090,Navajo Nation correction
4/22/2020,time_series_covid19_deaths_global.csv,US,4/4/2020,8407,8408,Navajo Nation correction
4/22/2020,time_series_covid19_deaths_global.csv,US,4/7/2020,12794,12794,Navajo Nation correction
4/22/2020,time_series_covid19_deaths_global.csv,US,4/8/2020,14695,14704,Navajo Nation correction
4/22/2020,time_series_covid19_deaths_global.csv,US,4/10/2020,18586,18595,Navajo Nation correction
4/22/2020,time_series_covid19_deaths_global.csv,US,4/11/2020,20462,20471,Navajo Nation correction
4/22/2020,time_series_covid19_deaths_global.csv,US,4/12/2020,22019,22029,Navajo Nation correction
4/22/2020,time_series_covid19_deaths_global.csv,US,4/13/2020,23528,23538,Navajo Nation correction
4/22/2020,time_series_covid19_deaths_global.csv,US,4/14/2020,25831,25843,Navajo Nation correction
4/22/2020,time_series_covid19_deaths_global.csv,US,4/15/2020,28325,28338,Navajo Nation correction
4/22/2020,time_series_covid19_deaths_global.csv,US,4/16/2020,32916,32930,Navajo Nation correction
4/22/2020,time_series_covid19_deaths_global.csv,US,4/17/2020,36773,36787,Navajo Nation correction
4/22/2020,time_series_covid19_confirmed_US.csv,"Navajo, AZ",04/01/20;04/02/20;04/03/20;04/04/20;04/05/20;04/06/20;04/07/20;04/08/20,,,remove duplicates
4/22/2020,time_series_covid19_confirmed_US.csv,"Coconino, AZ",04/01/20;04/02/20;04/03/20;04/04/20;04/05/20;04/06/20;04/07/20;04/08/20,,,remove duplicates
4/22/2020,time_series_covid19_confirmed_US.csv,"Apache, AZ",04/01/20;04/02/20;04/03/20;04/04/20;04/05/20;04/06/20;04/07/20;04/08/20,,,remove duplicates
4/22/2020,time_series_covid19_confirmed_US.csv,"San Juan, NM",04/01/20;04/02/20;04/03/20;04/04/20;04/05/20;04/06/20;04/07/20;04/08/20,,,remove duplicates
4/22/2020,time_series_covid19_confirmed_US.csv,"McKinley, NM",04/01/20;04/02/20;04/03/20;04/04/20;04/05/20;04/06/20;04/07/20;04/08/20,,,remove duplicates
4/22/2020,time_series_covid19_confirmed_US.csv,"Cibola, NM",04/01/20;04/02/20;04/03/20;04/04/20;04/05/20;04/06/20;04/07/20;04/08/20,,,remove duplicates
4/22/2020,time_series_covid19_confirmed_US.csv,"Socorro, NM",04/01/20;04/02/20;04/03/20;04/04/20;04/05/20;04/06/20;04/07/20;04/08/20,,,remove duplicates
4/22/2020,time_series_covid19_confirmed_US.csv,"San Juan, UT",04/01/20;04/02/20;04/03/20;04/04/20;04/05/20;04/06/20;04/07/20;04/08/20,,,remove duplicates
4/22/2020,time_series_covid19_deaths_US.csv,"Navajo, AZ",3/31/20;04/01/20;04/02/20;04/03/20;04/04/20;04/05/20;04/06/20;04/07/20;04/08/20;04/09/20;04/10/20;04/11/20;04/12/20;04/13/20;04/14/20;04/15/20;04/16/20;04/17/20,,,remove duplicates
4/22/2020,time_series_covid19_deaths_US.csv,"Coconino, AZ",3/31/20;04/01/20;04/02/20;04/03/20;04/04/20;04/05/20;04/06/20;04/07/20;04/08/20;04/09/20;04/10/20;04/11/20;04/12/20;04/13/20;04/14/20;04/15/20;04/16/20;04/17/20,,,remove duplicates
4/22/2020,time_series_covid19_deaths_US.csv,"Apache, AZ",3/31/20;04/01/20;04/02/20;04/03/20;04/04/20;04/05/20;04/06/20;04/07/20;04/08/20;04/09/20;04/10/20;04/11/20;04/12/20;04/13/20;04/14/20;04/15/20;04/16/20;04/17/20,,,remove duplicates
4/22/2020,time_series_covid19_deaths_US.csv,"McKinley, NM",4/4/2020,0,1,remove duplicates
4/22/2020,time_series_covid19_confirmed_US.csv,"Unassigned, WA",4/19/2020,436,159,remove spike
4/22/2020,time_series_covid19_confirmed_global.csv,US,4/19/2020,759086,758809,remove spike
4/22/2020,time_series_covid19_confirmed_US.csv,US,4/21/2020,,,correction for US federal data
4/22/2020,time_series_covid19_deaths_US.csv,US,4/21/2020,,,correction for US federal data
4/22/2020,time_series_covid19_confirmed_global.csv,US,4/21/2020,,,correction for US federal data
4/22/2020,time_series_covid19_deaths_global.csv,US,4/21/2020,,,correction for US federal data
4/23/2020,time_series_covid19_confirmed_US.csv,"Benton, WA",4/21/2020,423,326,"remove 97 probable cases,"
4/23/2020,time_series_covid19_confirmed_US.csv,"Benton, WA",4/22/2020,0,338,consistent with state report
4/23/2020,time_series_covid19_confirmed_US.csv,"Franklin, WA",4/21/2020,266,192,"remove 74 probable cases,"
4/23/2020,time_series_covid19_confirmed_US.csv,"Franklin, WA",4/22/2020,0,207,consistent with state report
4/23/2020,time_series_covid19_deaths_US.csv,"Benton, WA",4/22/2020,0,35,"adjust for Benton and Franklin, WA"
4/23/2020,time_series_covid19_deaths_US.csv,"Franklin, WA",4/22/2020,0,4,"adjust for Benton and Franklin, WA"
4/23/2020,time_series_covid19_confirmed_global.csv,US,4/21/2020,812036,811865,"adjust for Benton and Franklin, WA"
4/23/2020,time_series_covid19_confirmed_global.csv,US,4/22/2020,839675,840351,"adjust for Benton and Franklin, WA"
4/23/2020,time_series_covid19_deaths_global.csv,US,4/22/2020,46583,46622,"adjust for Benton and Franklin, WA"
4/24/2020,time_series_covid19_deaths_us.csv,"New York City, NY", 03/12/20-04/24/20,,,Adjust to back-distribute probable deaths
4/24/2020,time_series_covid19_confirmed_us.csv,"New York City, NY",04/18/20;04/19/20;04/20/20;04/21/20;04/22/20,,,Adjust to remove probable deaths from case count
4/25/2020,time_series_covid19_confirmed_global.csv,Ukraine,4/24/2020,8125,7647,adjust 5 min ahead
4/26/2020,time_series_covid19_recovered_global.csv,Australian Capital Territory - Australia,04/20/20;04/21/20;04/22/20;04/23/20;04/24/20;04/25/20,,,Replace recovered cases
4/26/2020,time_series_covid19_recovered_global.csv,New South Wales - Australia,04/20/20;04/21/20;04/22/20;04/23/20;04/24/20;04/25/20,,,Replace recovered cases
4/26/2020,time_series_covid19_recovered_global.csv,Australian Capital Territory - Australia,04/20/20;04/21/20;04/22/20;04/23/20;04/24/20;04/25/20,,,Replace recovered cases
4/26/2020,time_series_covid19_recovered_global.csv,Northern Territory - Australia,04/20/20;04/21/20;04/22/20;04/23/20;04/24/20;04/25/20;04/26/20,,,Replace recovered cases
4/26/2020,time_series_covid19_recovered_global.csv,South Australia - Australia,04/20/20;04/21/20;04/22/20;04/23/20;04/24/20;04/25/20;04/26/20,,,Replace recovered cases
4/26/2020,time_series_covid19_recovered_global.csv,Tasmania - Australia,04/20/20;04/21/20;04/22/20;04/23/20;04/24/20;04/25/20;04/26/20,,,Replace recovered cases
4/26/2020,time_series_covid19_recovered_global.csv,Victoria - Australia,04/20/20;04/21/20;04/22/20;04/23/20;04/24/20;04/25/20,,,Replace recovered cases
4/26/2020,time_series_covid19_recovered_global.csv,Western Australia - Australia,04/20/20;04/21/20;04/22/20;04/23/20;04/24/20;04/25/20,,,Replace recovered cases
4/27/2020,time_series_covid19_confirmed_global.csv,Mexico,03/13/20;04/22/20,,,Remove duplicate entry on 13/3/20; add 10544 cases on 22/4; adjust 11632 to 12872
4/27/2020,times_series_covid19_deaths_global.csv,Mexico,03/20/20;04/22/20,,,Remove duplicate entry on 3/20/20; add 970 deaths on 22/4; adjust 1069 to 1221
4/28/2020,time_series_covid19_deaths_global.csv,US,All,,,Adjust deaths to reflect changes from 4/24 adjustment of NYC probable deaths
4/30/2020,time_series_covid19_deaths_global.csv,United Kingdom,All columns,,,Adjusted all deaths to match newly released data from the United Kingdom identifying deaths in care homes
4/30/2020,time_series_covid19_cases_global.csv,Spain,04/24/20;04/25/20;04/26/20;04/27/20;04/28/20;04/29/20,,,Cases adjusted to match official case count
4/30/2020,time_series_covid19_recovered_global.csv,Spain,04/26/20;04/27/20;04/28/20;04/29/20,,,Recovered adjusted to match official count
5/1/2020,time_series_covid19_cases_global.csv,Kosovo,04/19/20;04/20/20;04/21/20;04/22/20;04/23/20;04/24/20;04/25/20;04/26/20;04/27/20;04/28/20;04/29/20,,,Cases updated due to stale data source. Prior were stuck at 510.
5/1/2020,time_series_covid19_deaths_global.csv,Kosovo,04/19/20;04/20/20;04/21/20;04/22/20;04/23/20;04/24/20;04/25/20;04/26/20;04/27/20;04/28/20;04/29/20,,,Cases updated due to stale data source. Prior were stuck at 12.
5/1/2020,time_series_covid19_recovered_global.csv,Kosovo,04/19/20;04/20/20;04/21/20;04/22/20;04/23/20;04/24/20;04/25/20;04/26/20;04/27/20;04/28/20;04/29/20,,,Cases updated due to stale data source. Prior were stuck at 93.
5/1/2020,time_series_covid19_cases_global.csv,Serbia,04/20/20;04/21/20;04/22/20;04/23/20;04/24/20;04/25/20;04/26/20;04/27/20;04/28/20;04/29/20,,,Cases updated due to stale data source. Prior were stuck at 6630.
5/1/2020,time_series_covid19_deaths_global.csv,Serbia,04/20/20;04/21/20;04/22/20;04/23/20;04/24/20;04/25/20;04/26/20;04/27/20;04/28/20;04/29/20,,,Cases updated due to stale data source. Prior were stuck at 125.
5/1/2020,time_series_covid19_recovered_global.csv,Serbia,04/20/20;04/21/20;04/22/20;04/23/20;04/24/20;04/25/20;04/26/20;04/27/20;04/28/20;04/29/20,,,Cases updated due to stale data source. Prior were stuck at 870.
5/2/2020,time_series_covid19_deaths_global.csv,France,4/14-5/01,,,"Deaths updated to remove double counts of deaths in DROM. Logic = France,  France entry for date - sum(deaths in DROM for date)"
5/2/2020,time_series_covid19_recovered_global.csv,France,4/14-5/01,,,"Recovered updated to remove double counts of recoveries in DROM. Logic = France,  France entry for date - sum(recoveries in DROM for date)"
5/6/2020,time_series_covid19_deaths_us.csv,"84029113, Lincoln, Missouri",4/27/2020,41,1,correction
5/6/2020,times_series_covid19_deaths_global.csv,US,4/27/2020,56259,56219,
5/7/2020,time_series_covid19_confirmed_global.csv,Bolivia,4/28/2020,1014,1053,Shift datat 3-4 hours later to remove the spikes
5/7/2020,time_series_covid19_confirmed_global.csv,Bolivia,4/30/2020,1110,1167,Shift datat 3-4 hours later to remove the spikes
5/7/2020,time_series_covid19_confirmed_global.csv,Bolivia,5/2/2020,1229,1470,Shift datat 3-4 hours later to remove the spikes
5/7/2020,time_series_covid19_deaths_global.csv,Bolivia,4/28/2020,53,55,Shift datat 3-4 hours later to remove the spikes
5/7/2020,time_series_covid19_deaths_global.csv,Bolivia,4/30/2020,59,62,Shift datat 3-4 hours later to remove the spikes
5/7/2020,time_series_covid19_deaths_global.csv,Bolivia,5/2/2020,66,71,Shift datat 3-4 hours later to remove the spikes
5/7/2020,time_series_covid19_recovered_global.csv,Bolivia,4/28/2020,98,110,Shift datat 3-4 hours later to remove the spikes
5/7/2020,time_series_covid19_recovered_global.csv,Bolivia,4/30/2020,117,132,Shift datat 3-4 hours later to remove the spikes
5/7/2020,time_series_covid19_recovered_global.csv,Bolivia,5/2/2020,134,159,Shift datat 3-4 hours later to remove the spikes
5/7/2020,time_series_covid19_confirmed_global.csv,West Bank and Gaza,4/12/2020,290,271,Update historical numbers to match the official report
5/7/2020,time_series_covid19_confirmed_global.csv,West Bank and Gaza,4/13/2020,308,273,without cases from occupied Jerusalem or East Jerusalem
5/7/2020,time_series_covid19_confirmed_global.csv,West Bank and Gaza,4/14/2020,308,284,
5/7/2020,time_series_covid19_confirmed_global.csv,West Bank and Gaza,4/15/2020,374,291,
5/7/2020,time_series_covid19_confirmed_global.csv,West Bank and Gaza,4/16/2020,374,294,
5/7/2020,time_series_covid19_confirmed_global.csv,West Bank and Gaza,4/17/2020,402,307,
5/7/2020,time_series_covid19_confirmed_global.csv,West Bank and Gaza,4/18/2020,418,313,
5/7/2020,time_series_covid19_confirmed_global.csv,West Bank and Gaza,4/19/2020,437,319,
5/7/2020,time_series_covid19_confirmed_global.csv,West Bank and Gaza,4/20/2020,449,329,
5/7/2020,time_series_covid19_confirmed_global.csv,West Bank and Gaza,4/21/2020,466,329,
5/7/2020,time_series_covid19_confirmed_global.csv,West Bank and Gaza,4/22/2020,474,335,
5/7/2020,time_series_covid19_confirmed_global.csv,West Bank and Gaza,4/23/2020,480,336,
5/7/2020,time_series_covid19_confirmed_global.csv,West Bank and Gaza,4/24/2020,484,340,
5/7/2020,time_series_covid19_deaths_global.csv,West Bank and Gaza,4/19/2020,3,2,
5/7/2020,time_series_covid19_deaths_global.csv,West Bank and Gaza,4/20/2020,3,2,
5/7/2020,time_series_covid19_deaths_global.csv,West Bank and Gaza,4/21/2020,4,2,
5/7/2020,time_series_covid19_deaths_global.csv,West Bank and Gaza,4/22/2020,4,2,
5/7/2020,time_series_covid19_deaths_global.csv,West Bank and Gaza,4/23/2020,4,2,
5/7/2020,time_series_covid19_deaths_global.csv,West Bank and Gaza,4/24/2020,4,2,
5/7/2020,time_series_covid19_recovered_global.csv,West Bank and Gaza,4/23/2020,92,74,
5/7/2020,time_series_covid19_recovered_global.csv,West Bank and Gaza,4/24/2020,92,81,
5/7/2020,time_series_covid19_recovered_global.csv,West Bank and Gaza,4/25/2020,92,83,
5/7/2020,time_series_covid19_confirmed_US.csv,"Box Elder and Bear River, Utah",before 4/19,,,"transfer data from Box Elder to Bear River, Utah"
5/7/2020,time_series_covid19_confirmed_US.csv,"Weber and Weber-Morgan, Utah",before 4/19,,,"transfer data from Weber to Weber-Morgan, Utah"
5/7/2020,time_series_covid19_deaths_US.csv,"Weber and Weber-Morgan, Utah",before 4/19,,,"transfer data from Weber to Weber-Morgan, Utah"
5/9/2020,time_series_covid19_confirmed_US.csv,"Virginia, US",5/6/2020,20257,20985,All counties data updated
5/9/2020,time_series_covid19_deaths_US.csv,"Virginia, US",5/6/2020,713,737,according to https://www.vdh.virginia.gov/coronavirus/
5/9/2020,time_series_covid19_confirmed_global.csv,US,5/6/2020,1228603,1229331,
5/9/2020,time_series_covid19_deaths_global.csv,US,5/6/2020,73431,73455,
5/10/2020,time_series_covid19_recovered_global.csv,Uruguay,04/01/20-04/22/20,,,Recovered adjusted to match national statistics
5/10/2020,time_series_covid19_deaths_global.csv,Uruguay,03/28/20;4/5/20;4/15/20;4/21/20,0;5;8;11,1;6;9;12,Adjusted to match national statistics
5/10/2020,time_series_covid19_confirmed_global.csv,Uruguay,03/13/20-04/23/20,,,Confirmed adjusted to match national statistics
5/11/2020,time_series_covid19_confirmed_global.csv,Spain,5/1/2020,213435,215216,
5/20/2020,time_series_covid19_confirmed_US.csv,Colorado,03/05/20-04/20/20,,,update all counties with the last cases.csv for each day
5/20/2020,time_series_covid19_deaths_US.csv,Colorado,03/12/20-04/20/20,,,update all counties with the last cases.csv for each day
5/20/2020,time_series_covid19_confirmed_global.csv,US,03/05/20-04/20/20,,,correction made due to CO data update
5/20/2020,time_series_covid19_deaths_global.csv,US,03/12/20-04/20/20,,,correction made due to CO data update
5/21/2020,time_series_covid19_confirmed_global.csv,Italy,3/12/2020,12462,15113,remove spike
5/21/2020,time_series_covid19_deaths_global.csv,Italy,3/12/2020,827,1016,remove spike
5/27/2020,time_series_covid19_recovered_global.csv,Netherlands,all,,,all recovered data removed
5/27/2020,time_series_covid19_confirmed_global.csv,France,05/22/20;05/23/20,179306;179306,179645;179964,stale data over weekend
5/27/2020,time_series_covid19_deaths_global.csv,France,05/22/20;05/23/20,28167;28167,28241;28284,stale data over weekend
5/27/2020,time_series_covid19_recovered_global.csv,France,5/22/20;05/23/20,62216;62216,62557;62893,stale data over weekend
5/28/2020,time_series_covid19_deaths_US.csv,"Siskiyou County, CA",5/22/20;05/23/20;05/24/20;05/25/20;05/26/20;05/27/20,1,0,miscount
5/28/2020,time_series_covid19_deaths_global.csv,,5/22/20;05/23/20;05/24/20;05/25/20;05/26/20;05/27/20,,-1,"correction for Siskiyou, CA"
6/1/2020,time_series_covid19_confirmed_global.csv,Peru,4/28/2020,141779,148285,Stale overnight update
6/1/2020,time_series_covid19_deaths_global.csv,Peru,4/28/2020,4099,4230,Stale overnight update
6/2/2020,time_series_covid19_confirmed_global.csv,US,6/1/2020,1811360,1811020,Correction for Unassigned Oklahoma
6/2/2020,time_series_covid19_deaths_global.csv,US,6/1/2020,105165,105149,Correction for Unassigned Oklahoma
6/2/2020,time_series_covid19_confirmed_US.csv,US,6/1/2020,383,43,Correction for Unassigned Oklahoma
6/2/2020,time_series_covid19_deaths_US.csv,US,6/1/2020,16,0,Correction for Unassigned Oklahoma
6/4/2020,time_series_covid19_confirmed_global.csv,France,6/3/2020,110906,188836,probable case update
6/5/2020,time_series_covid19_recovered_global.csv,Chile,06/02/20;06/03/20;06/04/20,,,updated recovered case counts in line with new reporting
6/5/2020,time_series_covid19_recovered_global.csv,Sweden,01/22/20-06/04/20,,,updated recovered case counts in line with data modification record
6/6/2020,time_series_covid19_confirmed_US.csv,US,6/5/2020,,,Type change for daily data from float to int
6/6/2020,time_series_covid19_deaths_US.csv,US,6/5/2020,,,Type change for daily data from float to int
6/6/2020,time_series_covid19_recovered_global.csv,Brazil,6/5/2020,0,266940,update per returned data
6/6/2020,time_series_covid19_deaths_global.csv,Brazil,6/5/2020,34021,35026,update per returned data
6/6/2020,time_series_covid19_confirmed_global.csv,Brazil,6/5/2020,614941,645771,update per returned data
6/8/2020,time_series_covid19_deaths_US.csv,"Northern Mariana Islands, US",6/3/2020,16,14,"Correction for Northern Mariana Islands, US"
6/8/2020,time_series_covid19_deaths_US.csv,"Northern Mariana Islands, US",6/4/2020,16,14,"Correction for Northern Mariana Islands, US"
6/8/2020,time_series_covid19_deaths_US.csv,"Northern Mariana Islands, US",6/5/2020,16,14,"Correction for Northern Mariana Islands, US"
6/8/2020,time_series_covid19_deaths_US.csv,"Northern Mariana Islands, US",6/6/2020,17,15,"Correction for Northern Mariana Islands, US"
6/8/2020,time_series_covid19_deaths_US.csv,"Northern Mariana Islands, US",6/7/2020,19,17,"Correction for Northern Mariana Islands, US"
6/8/2020,time_series_covid19_deaths_global.csv,US,6/3/2020,107175,107161,"Correction for Northern Mariana Islands, US"
6/8/2020,time_series_covid19_deaths_global.csv,US,6/4/2020,108211,108197,"Correction for Northern Mariana Islands, US"
6/8/2020,time_series_covid19_deaths_global.csv,US,6/5/2020,109132,109118,"Correction for Northern Mariana Islands, US"
6/8/2020,time_series_covid19_deaths_global.csv,US,6/6/2020,109802,109787,"Correction for Northern Mariana Islands, US"
6/8/2020,time_series_covid19_deaths_global.csv,US,6/7/2020,110514,110497,"Correction for Northern Mariana Islands, US"
6/8/2020,time_series_covid19_confirmed_US.csv,Virginia,6/7/2020,,,Updated all Virginia counties for 6/7
6/8/2020,time_series_covid19_deaths_US.csv,Virginia,6/7/2020,,,Updated all Virginia counties for 6/7
6/8/2020,time_series_covid19_confirmed_global.csv,US,6/7/2020,1942363,1943647,Updated for Virginia on 6/7
6/8/2020,time_series_covid19_deaths_global.csv,US,6/7/2020,110497,110508,Updated for Virginia for 6/7
6/10/2020,time_series_covid19_confirmed_US.csv,Michigan,06/05/20;06/06/20;06/07/20;06/08/20;06/09/20,,,Updated all Michigan counties
6/10/2020,time_series_covid19_deaths_US.csv,Michigan,06/05/20;06/06/20;06/07/20;06/08/20;06/09/20,,,Updated all Michigan counties
6/10/2020,time_series_covid19_confirmed_global.csv,US,06/05/20;06/06/20;06/07/20;06/08/20;06/09/20,,,Updated for Michigan
6/10/2020,time_series_covid19_deaths_global.csv,US,06/05/20;06/06/20;06/07/20;06/08/20;06/09/20,,,Updated for Michigan 
6/10/2020,time_series_covid19_deaths_global.csv,Peru,6/9/2020,203736,5738,Correction for deaths in Peru
6/10/2020,time_series_covid19_deaths_US.csv,Michigan,6/9/2020,111694,111989,Fixed MI
6/10/2020,time_series_covid19_confirmed_global.csv,Pakistan,6/7/2020,N/A,103671,Added data for date
6/10/2020,time_series_covid19_deaths_global.csv,Pakistan,6/7/2020,N/A,2067,Added data for date
6/10/2020,time_series_covid19_recovered_global.csv,Pakistan,6/7/2020,N/A,34355,Added data for date
6/11/2020,time_series_covid19_confirmed_global.csv,US,6/9/2020,1973230,1979489,Resolved discrepancy 
6/11/2020,time_series_covid19_deaths_global.csv,US,6/9/2020,111989,111994,Resolved discrepancy
6/12/2020,time_series_covid19_confirmed_global.csv,India,6/10/2020,276583,286605,Replace with the data at the end of the day
6/12/2020,time_series_covid19_deaths_global.csv,India,6/10/2020,7745,8498,Replace with the data at the end of the day
6/12/2020,time_series_covid19_confirmed_global.csv,Pakistan,6/10/2020,113702,119536,timing issue
6/12/2020,time_series_covid19_deaths_global.csv,Pakistan,6/10/2020,2255,2356,timing issue
6/12/2020,time_series_covid19_confirmed_US.csv,St. Louis County,03/09/20-06/11/2020,,,Change data source
6/12/2020,time_series_covid19_deaths_US.csv,St. Louis County,03/20/20-06/11/2020,,,Change data source
6/12/2020,time_series_covid19_confirmed_US.csv,St. Louis City,03/16/20-06/11/2020,,,Change data source
6/12/2020,time_series_covid19_deaths_US.csv,St. Louis City,03/20/20-06/11/2020,,,Change data source
6/12/2020,time_series_covid19_confirmed_US.csv,Massachusetts,4/15/20;04/17/20-06/11/2020,,,Change data source
6/12/2020,time_series_covid19_confirmed_global.csv,US,all days,,,county sum = country total
6/12/2020,time_series_covid19_deaths_global.csv,US,all days,,,county sum = country total
6/13/2020,time_series_covid19_confirmed_US.csv,Michigan,03/12/20-06/10/20,,,Revision for Michigan historical probables
6/13/2020,time_series_covid19_deaths_US.csv,Michigan,03/12/20-06/10/20,,,Revision for Michigan historical probables
6/13/2020,time_series_covid19_confirmed_global.csv,US,03/12/20-06/10/20,,,Revision for Michigan historical probables
6/13/2020,time_series_covid19_deaths_global.csv,US,03/12/20-06/10/20,,,Revision for Michigan historical probables
6/15/2020,time_series_covid19_confirmed_global.csv,India,06/11/20;06/12/20;06/13/20;06/14/20,,,Remove time lag from data
6/15/2020,time_series_covid19_deaths_global.csv,India,06/10/20;06/11/20;06/12/20;06/13/20;06/14/20,,,Remove time lag from data
6/15/2020,time_series_covid19_recovered_global.csv,India,06/11/20;06/12/20;06/13/20;06/14/20,,,Remove time lag from data
6/16/2020,time_series_covid19_confirmed_US.csv,Clackamas-Oregon,6/14/2020,455,482,Delayed update from Oregon Health Authority
6/16/2020,time_series_covid19_confirmed_US.csv,Columbia-Oregon,6/14/2020,20,22,Delayed update from Oregon Health Authority
6/16/2020,time_series_covid19_confirmed_US.csv,Hood River-Oregon,6/14/2020,71,81,Delayed update from Oregon Health Authority
6/16/2020,time_series_covid19_confirmed_US.csv,Jackson-Oregon,6/14/2020,78,81,Delayed update from Oregon Health Authority
6/16/2020,time_series_covid19_confirmed_US.csv,Jefferson-Oregon,6/14/2020,65,67,Delayed update from Oregon Health Authority
6/16/2020,time_series_covid19_confirmed_US.csv,Klamath-Oregon,6/14/2020,48,51,Delayed update from Oregon Health Authority
6/16/2020,time_series_covid19_confirmed_US.csv,Lane-Oregon,6/14/2020,85,89,Delayed update from Oregon Health Authority
6/16/2020,time_series_covid19_confirmed_US.csv,Lincoln-Oregon,6/14/2020,184,206,Delayed update from Oregon Health Authority
6/16/2020,time_series_covid19_confirmed_US.csv,Linn-Oregon,6/14/2020,124,126,Delayed update from Oregon Health Authority
6/16/2020,time_series_covid19_confirmed_US.csv,Malheur-Oregon,6/14/2020,33,36,Delayed update from Oregon Health Authority
6/16/2020,time_series_covid19_confirmed_US.csv,Marion-Oregon,6/14/2020,1134,1175,Delayed update from Oregon Health Authority
6/16/2020,time_series_covid19_confirmed_US.csv,Morrow-Oregon,6/14/2020,13,15,Delayed update from Oregon Health Authority
6/16/2020,time_series_covid19_confirmed_US.csv,Multnomah-Oregon,6/14/2020,1440,1519,Delayed update from Oregon Health Authority
6/16/2020,time_series_covid19_confirmed_US.csv,Polk-Oregon,6/14/2020,117,124,Delayed update from Oregon Health Authority
6/16/2020,time_series_covid19_confirmed_US.csv,Umatilla-Oregon,6/14/2020,157,171,Delayed update from Oregon Health Authority
6/16/2020,time_series_covid19_confirmed_US.csv,Union-Oregon,6/14/2020,12,22,Delayed update from Oregon Health Authority
6/16/2020,time_series_covid19_confirmed_US.csv,Wasco-Oregon,6/14/2020,38,39,Delayed update from Oregon Health Authority
6/16/2020,time_series_covid19_confirmed_US.csv,Washington-Oregon,6/14/2020,849,876,Delayed update from Oregon Health Authority
6/16/2020,time_series_covid19_deaths_US.csv,Multnomah-Oregon,6/14/2020,67,68,Delayed update from Oregon Health Authority
6/16/2020,time_series_covid19_deaths_US.csv,Umatilla-Oregon,6/14/2020,3,4,Delayed update from Oregon Health Authority
6/16/2020,time_series_covid19_deaths_US.csv,Washington-Oregon,6/14/2020,19,20,Delayed update from Oregon Health Authority
6/19/2020,time_series_covid19_cases_global.csv,Belarus,4/18/2020,4779,5297,Historic delay with Belarus reporting (https://news.tut.by/society/681391.html)
6/19/2020,time_series_covid19_cases_global.csv,Belarus,4/19/2020,4779,5807,Historic delay with Belarus reporting (https://news.tut.by/society/681391.html)
6/20/2020,time_series_covid19_confirmed_US.csv,North Carolina,06/18/20;06/19/20,,,Corrections for NC duplication
6/20/2020,time_series_covid19_confirmed_US.csv,North Carolina,06/18/20;06/19/20,,,Corrections for NC duplication
6/20/2020,time_series_covid19_confirmed_global.csv,US,06/18/20;06/19/20,,,Corrections for NC duplication
6/20/2020,time_series_covid19_deaths_global.csv,US,06/18/20;06/19/20,,,Corrections for NC duplication
6/22/2020,time_series_covid19_confirmed_US.csv,North Carolina,6/21/2020,,,Corrections for NC duplication
6/22/2020,time_series_covid19_confirmed_US.csv,North Carolina,6/21/2020,,,Corrections for NC duplication
6/22/2020,time_series_covid19_confirmed_global.csv,US,6/21/2020,,,Corrections for NC duplication
6/22/2020,time_series_covid19_deaths_global.csv,US,6/21/2020,,,Corrections for NC duplication
6/22/2020,time_series_covid19_confirmed_global.csv,Sweden,06/19/20;06/20/20;06/21/20,,,Corrections for Sweden duplication
6/22/2020,time_series_covid19_deaths_global.csv,Sweden,06/19/20;06/20/20;06/21/20,,,Corrections for Sweden duplication
6/22/2020,time_series_covid19_confirmed_global.csv,Brazil,6/20/2020,1032913,1067579,Correction for Brazil duplication
6/23/2020,time_series_covid19_confirmed_global.csv,Peru,06/19/20;06/21/20,,,Corrections for source update delay
6/23/2020,time_series_covid19_deaths_global.csv,Peru,06/19/20;06/21/20,,,Corrections for source update delay
6/23/2020,time_series_covid19_recovered_global.csv,Peru,06/19/20;06/21/20,,,Corrections for source update delay
6/24/2020,time_series_covid19_confirmed_US.csv,Oregon,6/20/2020,,,Corrections for Oregon weekend update
6/24/2020,time_series_covid19_deaths_US.csv,Oregon,6/20/2020,,,Corrections for Oregon weekend update
6/24/2020,time_series_covid19_confirmed_global.csv,US,6/20/2020,,,Corrections for Oregon weekend update
6/24/2020,time_series_covid19_deaths_global.csv,US,6/20/2020,,,Corrections for Oregon weekend update
6/25/2020,time_series_covid19_confirmed_US.csv,Iowa,6/24/2020,,,Corrections for Iowa duplication
6/25/2020,time_series_covid19_deaths_US.csv,Iowa,6/24/2020,,,Corrections for Iowa duplication
6/25/2020,time_series_covid19_confirmed_global.csv,US,6/24/2020,,,Corrections for Iowa duplication
6/25/2020,time_series_covid19_deaths_global.csv,US,6/24/2020,,,Corrections for Iowa duplication
6/25/2020,time_series_covid19_confirmed_US.csv,NV,6/23/2020,,,Corrections for Nevada duplication
6/25/2020,time_series_covid19_deaths_US.csv,NV,6/23/2020,,,Corrections for Nevada duplication
6/25/2020,time_series_covid19_confirmed_global.csv,US,6/23/2020,,,Corrections for Nevada duplication
6/25/2020,time_series_covid19_deaths_global.csv,US,6/23/2020,,,Corrections for Nevada duplication
6/28/2020,time_series_covi19_confirmed_global.csv,France,06/1/20-06/27/20,185952;184980;188836;185986;186538;187067;187360;187458;187599;187996;188354;188918;189311;189602;189670;189595;189906;190107;190676;191112;191117;191442;191730;191543;191288;192624;192430, 185952;185112;185440;186118;186670;187199;187492;187590;187925;188322;188680;189244;189637;189928;189996;190223;190534;190735;191304;191740;191745;192070;192452;192265;192010;193346;193152, issue with calculation of probable cases - see data modification records
6/30/2020,time_series_covid19_confirmed_US.csv,"New York City, New York",6/29/2020,,,Update for stale NYC data
6/30/2020,time_series_covid19_confirmed_global.csv,US,6/29/2020,,,Update for stale NYC data
6/30/2020,time_series_covid19_confirmed_US.csv,"Franklin, New York",6/29/2020,,,Update for revised Franklin reporting
6/30/2020,time_series_covid19_confirmed_global.csv,US,6/29/2020,,,Update for revised Franklin reporting
7/1/2020,time_series_covid19_deaths_US.csv,NYC,03/11/20-06/28/20,,,Update according to nychealth
7/1/2020,time_series_covid19_deaths_global.csv,US,03/11/20-06/28/20,,,Update according to nychealth
7/1/2020,time_series_covid19_confirmed_US.csv,NYC,6/29/2020,,,Update in accordance with NY State data
7/1/2020,time_series_covid19_confirmed_global.csv,US,6/29/2020,,,Update in accordance with NY State data
7/1/2020,time_series_covid19_confirmed_US.csv,"Greenville, South Carolina",06/02/20;06/03/20;06/04/20;06/05/20;06/06/20;06/07/20,,,Update in accordance with SC state press releases
7/1/2020,time_series_covid19_confirmed_global.csv,US,06/02/20;06/03/20;06/04/20;06/05/20;06/06/20;06/07/20,,,Update in accordance with SC state press releases
7/1/2020,time_series_covid19_confirmed_US.csv,"Ventura, California",03/10/20-06/20/20,,,Updates to Ventura County
7/1/2020,time_series_covid19_confirmed_global.csv,US,03/10/20-06/20/20,,,Updates to Ventura County
7/2/2020,time_series_covid19_confirmed_US.csv,Missouri,06/27/20;06/28/20;06/29/20;06/30/20;06/31/20;07/1/20,,,Updates to Missouri
7/2/2020,time_series_covid19_deaths_US.csv,Missouri,06/13/20-07/01/20,,,Updates to Missouri
7/2/2020,time_series_covid19_confirmed_global.csv,Missouri,06/27/20-07/01/20,,,Updates to Missouri
7/2/2020,time_series_covid19_deaths_global.csv,Missouri,06/13/20-07/01/20,,,Updates to Missouri
7/2/2020,time_series_covid19_confirmed_US.csv,Massachusetts,7/1/2020,,,Updates to Massachusetts
7/2/2020,time_series_covid19_deaths_US.csv,Massachusetts,06/16/20-07/01/20,,,Updates to Massachusetts
7/2/2020,time_series_covid19_confirmed_global.csv,Massachusetts,7/1/2020,,,Updates to Massachusetts
7/2/2020,time_series_covid19_deaths_global.csv,Massachusetts,06/16/20-07/01/20,,,Updates to Massachusetts
7/2/2020,time_series_covid19_recovered_global.csv,Kazakhstan,7/1/2020,,,Correction to recoveries
7/3/2020,time_series_covid19_confirmed_global.csv,Kazakhstan,7/1/2020,,,Correction to confirmed cases
7/3/2020,time_series_covid19_confirmed_global.csv,United Kingdom,2/3-7/2/2020,,,Correction according to the official reports
7/3/2020,time_series_covid19_confirmed_US.csv,Ohio,7/2/2020,,,Updates to Ohio to align with state total
7/3/2020,time_series_covid19_deaths_US.csv,Ohio,7/2/2020,,,Updates to Ohio to align with state total
7/3/2020,time_series_covid19_confirmed_global.csv,Ohio,7/2/2020,,,Updates to Ohio to align with state total
7/3/2020,time_series_covid19_deaths_global.csv,Ohio,7/2/2020,,,Updates to Ohio to align with state total
7/4/2020,time_series_covid19_deaths_global.csv,Brazil,7/3/2020,,,Updates Brazil deaths to align with official report
7/6/2020,time_series_covid19_confirmed_US.csv,"Harris, Texas",7/3/2020-7/6/2020,,,Update reporting from county
7/6/2020,time_series_covid19_confirmed_global.csv,US,7/3/2020-7/6/2020,,,Update based on Harris County revision
7/6/2020,time_series_covid19_deaths_US.csv,"Harris, Texas",7/3/2020-7/6/2020,,,Update reporting from county
7/6/2020,time_series_covid19_deaths_global.csv,US,7/3/2020-7/6/2020,,,Update based on Harris County revision
7/8/2020,time_series_covid19_confirmed_global.csv,Japan,2/5-5/27/2020,,,Update according to covid19japan
7/8/2020,time_series_covid19_deaths_global.csv,Japan,2/13-5/27/2020,,,Update according to covid19japan
7/9/2020,time_series_covid19_recovered_global.csv,Kazakhstan,7/8/2020,,,Update for Kazakhstan source
7/9/2020,time_series_covid19_recovered_global.csv,US,7/8/2020,,,Update to Delaware
7/14/2020,time_series_covid19_confirmed_US.csv,Washington,7/13/2020,,,Update from Washington DOH reporting
7/14/2020,time_series_covid19_confirmed_global.csv,US,7/13/2020,,,Update from Washington DOH reporting
7/14/2020,time_series_covid19_deaths_US.csv,Washington,7/13/2020,,,Update from Washington DOH reporting
7/14/2020,time_series_covid19_deaths_global.csv,US,7/13/2020,,,Update from Washington DOH reporting
7/14/2020,time_series_covid19_confirmed_global.csv,US,6/2/2020,170039,178165,Update from Peru MDS
7/14/2020,time_series_covid19_deaths_global.csv,US,6/2/2020,4634,4767,Update from Peru MDS
7/15/2020,time_series_covid19_cases_global.csv,Netherlands,7/1/2020,50273,50335,Stale data update
7/15/2020,time_series_covid19_cases_global.csv,Netherlands,7/2/2020,50335,50412,Stale data update
7/15/2020,time_series_covid19_cases_global.csv,Netherlands,7/3/2020,50335,50487,Stale data update
7/15/2020,time_series_covid19_cases_global.csv,Netherlands,7/4/2020,50335,50548,Stale data update
7/15/2020,time_series_covid19_deaths_global.csv,Netherlands,7/1/2020,6113,6115,Stale data update
7/15/2020,time_series_covid19_deaths_global.csv,Netherlands,7/2/2020,6113,6118,Stale data update
7/15/2020,time_series_covid19_deaths_global.csv,Netherlands,7/3/2020,6113,6120,Stale data update
7/15/2020,time_series_covid19_deaths_global.csv,Netherlands,7/4/2020,6113,6126,Stale data update
7/15/2020,time_series_covid19_confirmed_US.csv,"Granville, NC",4/27/2020,240,133,Correction
7/15/2020,time_series_covid19_confirmed_global.csv,US,4/27/2020,990999,990892,Correction
7/15/2020,time_series_covid19_confirmed_US.csv,"Dent, MO",5/13/2020-6/22/2020,,,Update via Dent County Health Center data
7/15/2020,time_series_covid19_confirmed_US.csv,"Douglas, MO",5/30/2020-6/11/2020,,,Update via Douglas County Health Department data
7/15/2020,time_series_covid19_confirmed_global.csv,US,5/13/2020-6/22/2020,,,Corrections in line with Dent and Douglas County updates
7/16/2020,time_series_covid19_confirmed_global.csv,Honduras,7/14/2020,,,Correction from MOH
7/16/2020,time_series_covid19_deaths_global.csv,Honduras,7/14/2020,,,Correction from MOH
7/16/2020,time_series_covid19_recovered_global.csv,Honduras,7/14/2020,,,Correction from MOH
7/16/2020,time_series_covid19_confirmed_US.csv,"Dallas, TX",4/21;4/27;4/29;5/12;5/20;5/30;6/28;7/10;7/15/2020,,,Update from Dallas County reporting
7/16/2020,time_series_covid19_confirmed_global.csv,US,4/21;4/27;4/29;5/12;5/20;5/30;6/28;7/10;7/15/2020,,,Update from Dallas County reporting
7/16/2020,time_series_covid19_deaths_US.csv,"Dallas, TX",4/21;4/27;4/29;5/12;5/20;5/30;6/28;7/10;7/15/2020,,,Update from Dallas County reporting
7/16/2020,time_series_covid19_deaths_global.csv,US,4/21;4/27;4/29;5/12;5/20;5/30;6/28;7/10;7/15/2020,,,Update from Dallas County reporting
7/17/2020,time_series_covid19_confirmed_global.csv,Colombia,3-16-3/20;4/18;5/28-7/16/2020,,,Update from contemporaneous reporting of Instituto Nacional De Salud
7/17/2020,time_series_covid19_deaths_global.csv,Colombia,3-16-3/20;4/18;5/28-7/16/2020,,,Update from contemporaneous reporting of Instituto Nacional De Salud
7/17/2020,time_series_covid19_confirmed_global.csv,Guatemala,7/18/2020,33809,38042,Update in line with changed reporting from Ministry of Health and Social Welfare
7/17/2020,time_series_covid19_deaths_global.csv,Guatemala,7/18/2020,1443,1449,Update in line with changed reporting from Ministry of Health and Social Welfare
7/17/2020,time_series_covid19_recovered_global.csv,Guatemala,7/18/2020,4989,23365,Update in line with changed reporting from Ministry of Health and Social Welfare
7/21/2020,time_series_covid19_confirmed_US.csv,"Philadelphia, PA",7/20/2020,,,Update from Philadelphia DOH
7/21/2020,time_series_covid19_confirmed_global.csv,US,7/20/2020,,,Update from Philadelphia DOH
7/21/2020,time_series_covid19_deaths_US.csv,"Philadelphia, PA",7/20/2020,,,Update from Philadelphia DOH
7/21/2020,time_series_covid19_deaths_global.csv,US,7/20/2020,,,Update from Philadelphia DOH
7/22/2020,time_series_covid19_confirmed_global.csv,Iceland,6/15-7/20,,,Update according to https://www.covid.is/
7/22/2020,time_series_covid19_recovered_global.csv,Iceland,6/15-7/20,,,Update according to https://www.covid.is/
7/22/2020,time_series_covid19_confirmed_global.csv,China,7/16-7/21/2020,,,Update from DXY
7/22/2020,time_series_covid19_deaths_global.csv,China,7/16-7/21/2020,,,Update from DXY
7/22/2020,time_series_covid19_recovered_global.csv,China,7/16-7/21/2020,,,Update from DXY
7/22/2020,time_series_covid19_confirmed_global.csv,Chile,7/20/2020,,,Update from Ministerio de Ciencia
7/22/2020,time_series_covid19_deaths_global.csv,Chile,7/20/2020,,,Update from Ministerio de Ciencia
7/22/2020,time_series_covid19_recovered_global.csv,Chile,7/20/2020,,,Update from Ministerio de Ciencia
7/22/2020,time_series_covid19_confirmed_global.csv,Peru,7/20/2020,,,Update from Ministerio de Salud
7/22/2020,time_series_covid19_deaths_global.csv,Peru,7/20/2020,,,Update from Ministerio de Salud
7/22/2020,time_series_covid19_recovered_global.csv,Peru,7/20/2020,,,Update from Ministerio de Salud
7/23/2020,time_series_covid19_confirmed_US.csv,"Unassigned, Oklahoma",7/22/2020,821,0,OK data correction
7/23/2020,time_series_covid19_confirmed_global.csv,US,7/22/2020,3970906,3970085,OK data correction
7/23/2020,time_series_covid19_confirmed_global.csv,Chile,7/22/2020,,,Update from Ministerio de Ciencia
7/23/2020,time_series_covid19_deaths_global.csv,Chile,7/22/2020,,,Update from Ministerio de Ciencia
7/23/2020,time_series_covid19_recovered_global.csv,Chile,7/22/2020,,,Update from Ministerio de Ciencia
7/24/2020,time_series_covid19_confirmed_US.csv,"Lancaster, Pennsylvania",7/22-7/23/2020,,,PA data correction
7/24/2020,time_series_covid19_confirmed_global.csv,US,7/22-7/23/2020,,,PA data correction
7/24/2020,time_series_covid19_deaths_US.csv,"Unassigned, Louisiana",7/20-7/23/2020,,,LA probables data correction
7/24/2020,time_series_covid19_deaths_global.csv,US,7/20-7/23/2020,,,LA probables data correction
7/25/2020,time_series_covid19_confirmed_global.csv,Brazil,7/24/2020,,,Correction for stale data
7/25/2020,time_series_covid19_deaths_US.csv,"Val Verde, Texas",7/21-7/24/2020,,,Update from City of Del Rio
7/25/2020,time_series_covid19_deaths_global.csv,US,7/21-7/24/2020,,,Update from City of Del Rio
7/26/2020,time_series_covid19_confirmed_US.csv,Oregon,7/25/2020,,,Update from OR Health Authority
7/26/2020,time_series_covid19_confirmed_global.csv,US,7/25/2020,,,Update from OR Health Authority
7/26/2020,time_series_covid19_deaths_US.csv,Oregon,7/25/2020,,,Update from OR Health Authority
7/26/2020,time_series_covid19_deaths_global.csv,US,7/25/2020,,,Update from OR Health Authority
7/26/2020,time_series_covid19_confirmed_US.csv,Idaho,7/25/2020,,,Update from ID DOH
7/26/2020,time_series_covid19_confirmed_global.csv,US,7/25/2020,,,Update from ID DOH
7/26/2020,time_series_covid19_deaths_US.csv,Idaho,7/25/2020,,,Update from ID DOH
7/26/2020,time_series_covid19_deaths_global.csv,US,7/25/2020,,,Update from ID DOH
7/28/2020,time_series_covid19_confirmed_global.csv,Netherlands,7/26/2020,52732,53005,data from the end of the day
7/28/2020,time_series_covid19_deaths_global.csv,Netherlands,7/26/2020,6140,6159,data from the end of the day
7/28/2020,time_series_covid19_confirmed_global.csv,Spain,7/27/2020,,,Update from Ministerio de Sanidad
7/28/2020,time_series_covid19_deaths_global.csv,Spain,7/27/2020,,,Update from Ministerio de Sanidad
7/28/2020,time_series_covid19_confirmed_US.csv,District of Columbia,7/27/2020,,,Update DC from DC gov
7/28/2020,time_series_covid19_deaths_US.csv,District of Columbia,7/27/2020,,,Update DC from DC gov
7/28/2020,time_series_covid19_confirmed_global.csv,US,7/27/2020,,,Update DC from DC gov
7/28/2020,time_series_covid19_deaths_global.csv,US,7/27/2020,,,Update DC from DC gov
7/28/2020,time_series_covid19_confirmed_global.csv,Kosovo,3/14-7/26/2020,,,Update Kosovo from IKSHPK and other sources
7/28/2020,time_series_covid19_deaths_global.csv,Kosovo,3/14-7/26/2020,,,Update Kosovo from IKSHPK and other sources
7/28/2020,time_series_covid19_recovered_global.csv,Kosovo,3/14-7/26/2020,,,Update Kosovo from IKSHPK and other sources
7/29/2020,time_series_covid19_confirmed_global.csv,Peru,3/14-7/26/2020,,,Update Peru from MINSA
7/29/2020,time_series_covid19_deaths_global.csv,Peru,3/14-7/26/2020,,,Update Peru from MINSA
7/29/2020,time_series_covid19_confirmed_US.csv,Georgia,7/28/2020,,,Update from GDPH
7/29/2020,time_series_covid19_deaths_US.csv,Georgia,7/28/2020,,,Update from GDPH
7/29/2020,time_series_covid19_confirmed_global.csv,US,7/28/2020,,,Update from GDPH
7/29/2020,time_series_covid19_deaths_global.csv,US,7/28/2020,,,Update from GDPH
7/29/2020,time_series_covid19_confirmed_global.csv,India,7/28/2020,1483156,1531669,Update India from MOH
7/29/2020,time_series_covid19_deaths_global.csv,India,7/28/2020,33425,34193,Update India from MOH
7/29/2020,time_series_covid19_recovered_global.csv,India,7/28/2020,28 952743,98802,Update India from MOH
7/30/2020,time_series_covid19_deaths_global.csv,Mexico,7/25/2020,42645,43347,Update Mexico from reporting
7/30/2020,time_series_covid19_deaths_US.csv,"Hidalgo, Texas",7/28-7/29/2020,,,Update from Hidalgo County
7/30/2020,time_series_covid19_deaths_global.csv,US,7/28-7/29/2020,,,Update from Hidalgo County
7/31/2020,time_series_covid19_confirmed_US.csv,Massachusetts,7/30/2020,,,Update from MA
7/31/2020,time_series_covid19_confirmed_global.csv,US,7/30/2020,,,Update from MA
7/31/2020,time_series_covid19_confirmed_global.csv,Colombia,7/30/2020,,,Update Colombia from INDS
7/31/2020,time_series_covid19_deaths_global.csv,Colombia,7/30/2020,,,Update Colombia from INDS
7/31/2020,time_series_covid19_recovered_global.csv,Colombia,7/30/2020,,,Update Colombia from INDS
8/2/2020,time_series_covid19_confirmed_global.csv,Philippines,7/30-7/31/2020,,,Update Phillippines from DOH
8/2/2020,time_series_covid19_deaths_global.csv,Philippines,7/30-7/31/2020,,,Update Philippines from DOH
8/2/2020,time_series_covid19_recovered_global.csv,Philippines,7/30-7/31/2020,,,Update Philippines from DOH
8/2/2020,time_series_covid19_confirmed_global.csv,"Victoria, Australia",8/1/2020,,,Update Victoria from DOH
8/2/2020,time_series_covid19_deaths_global.csv,"Victoria, Australia",8/1/2020,,,Update Victoria from DOH
8/3/2020,time_series_covid19_confirmed_global.csv,"Victoria, Australia",8/2/2020,,,Update Victoria from DOH
8/3/2020,time_series_covid19_deaths_global.csv,"Victoria, Australia",8/2/2020,,,Update Victoria from DOH
8/3/2020,time_series_covid19_recovered_global.csv,"Victoria, Australia",8/2/2020,,,Update Victoria from DOH
8/3/2020,time_series_covid19_confirmed_global.csv,Colombia,7/26/2020,,,Update Colombia from MS
8/3/2020,time_series_covid19_deaths_global.csv,Colombia,7/26/2020,,,Update Colombia from DOH
8/3/2020,time_series_covid19_recovered_global.csv,Colombia,7/26/2020,,,Update Colombia from DOH
8/4/2020,time_series_covid19_confirmed_US.csv,Georgia,7/31-8/2/2020,,,Update from DC 
8/4/2020,time_series_covid19_deaths_US.csv,Georgia,7/31-8/2/2020,,,Update from DC
8/4/2020,time_series_covid19_confirmed_global.csv,US,7/31-8/2/2020,,,Update from DC
8/4/2020,time_series_covid19_deaths_global.csv,US,7/31-8/2/2020,,,Update from DC
8/4/2020,time_series_covid19_deaths_US.csv,Indiana,5/2-5/5/2020,,,Retrospective from New York Times
8/4/2020,time_series_covid19_deaths_US.csv,New Hampshire,5/15/2020,,,Retrospective from New York Times
8/4/2020,time_series_covid19_deaths_US.csv,New Mexico,5/23/2020,,,Retrospective from New York Times
8/4/2020,time_series_covid19_deaths_US.csv,North Carolina,5/21/2020,,,Retrospective from New York Times
8/4/2020,time_series_covid19_deaths_US.csv,North Carolina,6/21/2020,,,Retrospective from New York Times
8/4/2020,time_series_covid19_deaths_US.csv,South Carolina,6/3-6/6/2020,,,Retrospective from New York Times
8/5/2020,time_series_covid19_deaths_global.csv,US,3/17-6/24/2020,,,Internal consistency for US
8/5/2020,time_series_covid19_deaths_US.csv,"Webb, Texas",7/26-8/4/2020,,,Update from City of Laredo 
8/5/2020,time_series_covid19_deaths_global.csv,US,7/26-8/4/2020,,,Update from City of Laredo
8/6/2020,time_series_covid19_deaths_US.csv,"Harris, Texas",3/7-8/5/2020,,,Alignment of Harris County to state 
8/6/2020,time_series_covid19_deaths_global.csv,US,3/7-8/5/2020,,,Alignment of Harris County to state
8/6/2020,time_series_covid19_confirmed_global.csv,US,8/4-8/5/2020,,,Update United Kingdom from GOV.UK
8/6/2020,time_series_covid19_deaths_global.csv,US,8/4-8/5/2020,,,Update United Kingdom from GOV.UK
8/7/2020,time_series_covid19_confirmed_global.csv,US,8/6/2020,,,Update Peru from MINSA
8/7/2020,time_series_covid19_deaths_global.csv,US,8/6/2020,,,Update Peru from MINSA
8/12/2020,time_series_covid19_confirmed_global.csv,Netherlands,8/11/2020,-1,59424,Update from error in product generation
8/12/2020,time_series_covid19_deaths_global.csv,Netherlands,8/11/2020,-1,6141,Update from error in product generation
8/12/2020,time_series_covid19_recovered_global.csv,Netherlands,8/11/2020,-1,0,Update from error in product generation
8/12/2020,time_series_covid19_confirmed_global.csv,Macau,8/11/2020,-1,46,Update from error in product generation
8/12/2020,time_series_covid19_deaths_global.csv,Macau,8/11/2020,-1,0,Update from error in product generation
8/12/2020,time_series_covid19_recovered_global.csv,Macau,8/11/2020,-1,46,Update from error in product generation
8/12/2020,time_series_covid19_confirmed_global.csv,Hong Kong,8/11/2020,-1,4181,Update from error in product generation
8/12/2020,time_series_covid19_deaths_global.csv,Hong Kong,8/11/2020,-1,59,Update from error in product generation
8/12/2020,time_series_covid19_recovered_global.csv,Hong Kong,8/11/2020,-1,3052,Update from error in product generation
8/12/2020,time_series_covid19_confirmed_global.csv,Brazil,8/11/2020,,,Update from Secretarias Estaduais de Saude
8/12/2020,time_series_covid19_deaths_global.csv,Brazil,8/11/2020,,,Update from Secretarias Estaduais de Saude
8/12/2020,time_series_covid19_confirmed_global.csv,Peru,8/11/2020,,,Update Peru from MINSA
8/12/2020,time_series_covid19_deaths_global.csv,Peru,8/11/2020,,,Update Peru from MINSA
8/12/2020,time_series_covid19_deaths_US.csv,"Orange, North Carolina",8/11/2020,,,Update from NCDHHS 
8/12/2020,time_series_covid19_deaths_global.csv,US,8/11/2020,,,Update from NCDHHS
8/13/2020,time_series_covid19_confirmed_US.csv,"Unassigned,Massachusetts",8/12/2020,,,Update from MA Dashboard & Weekly
8/13/2020,time_series_covid19_deaths_US.csv,"Unassigned,Massachusetts",8/12/2020,,,Update from MA Dashboard & Weekly
8/13/2020,time_series_covid19_confirmed_global.csv,US,8/12/2020,,,Update from MA Dashboard & Weekly
8/13/2020,time_series_covid19_deaths_global.csv,US,8/12/2020,,,Update from MA Dashboard & Weekly
8/13/2020,time_series_covid19_deaths_US.csv,"Orange, North Carolina",8/12/2020,,,Update from NCDHHS 
8/13/2020,time_series_covid19_deaths_global.csv,US,8/12/2020,,,Update from NCDHHS
8/15/2020,time_series_covid19_confirmed_US.csv,"Unassigned,Massachusetts",8/13-8/14/2020,,,Update from MA Dashboard Raw Data
8/15/2020,time_series_covid19_deaths_US.csv,"Unassigned,Massachusetts",8/13-8/14/2020,,,Update from MA Dashboard Raw Data
8/15/2020,time_series_covid19_confirmed_global.csv,US,8/13-8/14/2020,,,Update from MA Dashboard Raw Data
8/15/2020,time_series_covid19_deaths_global.csv,US,8/13-8/14/2020,,,Update from MA Dashboard Raw Data
8/17/2020,time_series_covid19_confirmed_global.csv,Brazil,8/14/2020,3226443,3275520,Match up with the official report
8/17/2020,time_series_covid19_deaths_global.csv,Brazil,8/14/2020,105490,106523,Match up with the official report
8/22/2020,time_series_covid19_deaths_US.csv,Colorado,8/21/2020,,,Update from CO DPH
8/22/2020,time_series_covid19_deaths_global.csv,US,8/21/2020,,,Update from CO DPH
